Table,Sub-type,HP/LP,Clade/type virus,Cleavage site consensus
1,H5,LP,,PQRETR/GLF
1,H5N1,HP,Gs/Gd-lineage,PQRERRRKKR/GLF
1,H5N1,HP,Clade 1,PQREERRKKR/GLF
1,H5N1,HP,Clade 1,PQREGRRKKR/GLF
1,H5N1,HP,Clade 1,PQRVGRRKKR/GLF
1,H5N1,HP,Clade 2.1,PQRESRRKK/GLF
1,H5N1,HP,Clade 2.1,PQKEGRRKKR/GLF
1,H5N1,HP,Clade 2.1,PQIERRRKKR/GLF
1,H5N1,HP,Clade 2.1,PQRERRREKR/GLF
1,H5N1,HP,Clade 2.2,PQGEKRRKKR/GLF
1,H5N1,HP,Clade 2.2,PQGERRRKKR/GLF
1,H5N1,HP,Clade 2.2,PQGEGRRKKR/GLF
1,H5N1,HP,Clade 2.2,PQGDRRRKKR/GLF
1,H5N1,HP,Clade 2.3.1,PQRERRRKR/GLF
1,H5N1,HP,Clade 2.3.2,PQRERRRKR/GLF
1,H5N1,HP,Clade 2.3.2,PRRERRRKR/GLF
1,H5N1,HP,Clade 2.3.2,PQREKRRKR/GLF
1,H5N1,HP,Clade 2.3.2,PQKERRRKR/GLF
1,H5N1,HP,Clade 2.3.2,PQIERRRRKR/GLF
1,H5N1,HP,Clade 2.3.2,PQRESRRRKR/GLF
1,H5N1,HP,Clade 2.3.3,PQRERRRKR/GLF
1,H5N1,HP,Clade 2.3.4,PLRERRRKR/GLF
1,H5N2,HP,Clade 2.3.4,PLREKRRKR/GLF
1,H5N3,HP,Clade 2.3.4,PPREKRRKR/GLF
1,H5N5,HP,Clade 2.3.4,PLREKRRRKR/GLF
1,H5N6,HP,Clade 2.3.4,PLRERRRKKR/GLF
1,H5N8,HP,Clade 2.3.4,PLRERIRKKR/GLF
1,H5N8,HP,Clade 2.3.4,PLGEKRRKR/GLF
1,H5N8,HP,Clade 2.3.4,PLIEKRRKR/GLF
1,H5N8,HP,Clade 2.3.4,PLRDKRRKR/GLF
1,H5N1,HP,Clade 2-like,PQRERRRKKR/GLF
1,H5N1,HP,Clade 2-like,PQRERRKKR/GLF
1,H5N1,HP,Clade 3,PQRERRRKKR/GLF
1,H5N1,HP,Clade 4,PQRERRRKKR/GLF
1,H5N1,HP,Clade 5,PQREIRRKKR/GLF
1,H5N1,HP,Clade 6,PQRERRRKKR/GLF
1,H5N1,HP,Clade 7,PQIEGRRRKR/GLF
1,H5N1,HP,Clade 7,PQRGRRRKR/GLF
1,H5N1,HP,Clade 7,PQRGRRRKKR/GLF
1,H5N1,HP,Clade 7,PQREGGRKKR/GLF
1,H5N1,HP,Clade 7,PQREGGRRRKR/GLF
1,H5N1,HP,Clade 7,PQREREGGRRRKR/GLF
1,H5N1,HP,Clade 9,PQRERRRKKR/GLF
1,H5N2,HP,A/ostrich/SA/AI2114/11,PQRRKKR/GLF
1,H5N2,HP,A/ostrich/SA/AI2887/11,PQRRRKR/GLF
1,H5N2,HP,A/ostrich/SA/AI1091/06,PQREKRRKKR/GLF
1,H5N1,HP,A/gull/Germany/R882/06,PQGERRRKKR/GLF
1,H5N2,HP,A/chicken/Italy/1485/97,PQRRRKKR/GLF
1,H5N2,HP,A/chicken/Puebla/8623-607/94,PQRRKRKTR/GLF
1,H5N2,HP,A/chicken/Puebla/8623-607/94,PQRKRKRKTR/GLF
1,H5N2,HP,A/chicken/Puebla/8624-602/94,PQRKRKTR/GLF
1,H5N1,HP,A/turkey/England/50-92/91,PQRKRRKTR/GLF
1,H5N8,HP,A/turkey/Ireland/1378/83,PQRKRKKR/GLF
1,H5N9,HP,A/turkey/Ontario/7732/66,PQRRRKKR/GLF
1,H5N3,HP,A/tern/South Africa/61,PQRETRRQKR/GLF
2,H7,LP,,PEIPKGR/GLF
2,H7,LP,,PELPKGK/GLF
2,H7,LP,,PEPPKGR/GLF
2,H7,LP,,PENPKTR/GLF
2,H7,LP,,PESPKTR/GLF
2,H7N3,HP,A/turkey/South_Carolina/20-010561-003/2020,PENPKTDRKSRHRRIR/GLF
2,H7N9,HP,A/chicken/Guangdong/GD4/2017,PEVPKGKRTAR/GLF
2,H7N9,HP,A/chicken/Guangdong/GD15/2016,PEVPKRKRTAR/GLF
2,H7N9,HP,A/Guangdong/Th005/2017,PEVPKGKRIAR/GLF
2,H7N3,HP,A/duck/Japan/AQ-HE30-1/2018,PEVPKRRRTAR/GLF
2,H7N9,HP,A/chicken/Tennessee/17-007147-2/2017,PENPKTDRKSRHRRIR/GLF
2,H7N7,HP,A/chicken/Italy/16VIR-1873/2016,PELPKGRKRR/GLF
2,H7N8,HP,A/turkey/Indiana/16-001403-1/2016,PENPKKRKTR/GLF
2,H7N7,HP,A/chicken/England/26352/2015,PEIPRHRKGR/GLF
2,H7N7,HP,A/chicken/Germany/AR1386/2015,PEIPKRKRR/GLF
2,H7N7,HP,A/chicken/Italy/13VIR4527_11/13,PETPKRRERR/GLF
2,H7N3,HP,A/chicken/Jalisco/CPA1/12,PENPKDRKSRHRRTR/GLF
2,H7N3,HP,A/chicken/Puebla/CPA-04451/16,PENPKDRKNRHRRTR/GLF
2,H7N3,HP,A/chicken/Jalisco/CPA-01859/16,PENPKGKKSRHRKTR/GLF
2,H7N7,HP,A/chicken/Spain/6279-2/2009,PELPKGTKPRPRR/GLF
2,H7N7,HP,A/chicken/England/1158-11406/08,PEIPKRKKR/GLF
2,H7N3,HP,A/chicken/Saskatchewan/HR-00011/07,PENPKTTKPRPRR/GLF
2,H7N7,HP,A/chicken/North Korea/1/2005,PEIPKGRHRRPKR/GLF
2,H7N3,HP,A/chicken/Canada/rv504/04,PENPKQAYRKRMTR/GLF
2,H7N3,HP,A/chicken/Canada/rv504/04,PENPKQAYQKRMTR/GLF
2,H7N3,HP,A/chicken/Canada/rv504/04,PENPKQAYKKRMTR/GLF
2,H7N3,HP,A/chicken/Canada/rv504/04,PENPKQAYHKRMTR/GLF
2,H7N3,HP,A/chicken/Canada/rv504/04,PENPKQAHQKRMTR/GLF
2,H7N3,HP,A/chicken/Canada/rv504/04,PENPRQAYRKRMTR/GLF
2,H7N3,HP,A/chicken/Canada/rv504/04,PENPKQACQKRMTR/GLF
2,H7N7,HP,A/chicken/Netherlands/219/03,PEIPKRRRR/GLF
2,H7N3,HP,A/chicken/Chile/4322/02,PEKPKTCSPLSRCRETR/GLF
2,H7N3,HP,A/chicken/Chile/4322/02,PEKPKTCSPLSRCRKTR/GLF
2,H7N1,HP,A/chicken/Italy/444/99,PEIPKGSRVRR/GLF
2,H7N1,HP,A/chicken/Italy/444/99,PEIPKGSRMRR/GLF
2,H7N1,HP,A/chicken/Italy/444/99,PEIPKRSRVRR/GLF
2,H7N4,HP,A/chicken/New South Wales/2/97,PEIPRRRKR/GLF
2,H7N4,HP,A/chicken/New South Wales/2/97,PEIPRKRKR/GLF
2,H7N3,HP,A/chicken/Pakistan/447/95,PETPKRKRKR/GLF
2,H7N3,HP,A/chicken/Pakistan/CR2/95,PETPKRRKR/GLF
2,H7N3,HP,A/chicken/Pakistan/16/99/95,PETPKRRNR/GLF
2,H7N3,HP,A/chicken/Queensland/94,PEIPRKRKR/GLF
2,H7N1,HP,A/Pekin_robin/California/30412/94,PEIPKRRR/GLF
2,H7N3,HP,A/chicken/Victoria/224/92,PEIPKKKKR/GLF
2,H7N3,HP,A/chicken/Victoria/224/92,PEIPKRKKR/GLF
2,H7N3,HP,A/chicken/Victoria/224/92,PEIPKKRKKR/GLF
2,H7N3,HP,A/chicken/Victoria/224/92,PEIPKKKKKKR/GLF
2,H7N7,HP,A/chicken/Victoria/85,PEIPKKREKR/GLF
2,H7N7,HP,A/chicken/Leipzig/79,PEIPKKKKR/GLF
2,H7N7,HP,A/goose/Leipzig/137-8/79,PEIPKRKKR/GLF
2,H7N7,HP,A/goose/Leipzig/192-7/79,PEIPKKRKKR/GLF
2,H7N7,HP,A/goose/Leipzig/187-7/79,PEIPKKKKKKR/GLF
2,H7N7,HP,A/chicken/Victoria/76,PEIPKKREKR/GLF
2,H7N3,HP,A/turkey/England/63,PETPKRRRR/GLF
3,H5N1,HP,A/chicken/France/150169a/15,HQRRKR/GLF
3,H5N2,HP,A/duck/France/150233/15,HQRRKR/GLF
3,H5N9,HP,A/duck/France/150236/15,HQRRKR/GLF
3,H5N2,HP,A/chicken/Taiwan/A1997/12,PQRRKR/GLF
3,H5N2,HP,A/chicken/Taiwan/K703-1/08,PQRKKR/GLF
3,H5N2,LP,A/chicken/Texas/298313/04,PQRKKR/GLF
3,H5N2,LP,A/chicken/Taiwan/1209/03,PQREKR/GLF
3,H5N2,LP/HP,A/chicken/PA/1370/83,PQKKKR/GLF
3,H5N1,HP,A/chicken/Scotland/59,PQRKKR/GLF
3,H7N4,LP,A/chicken/Jiangsu/1/2018,PELPKGR/GLF
3,H7N1,LP,A/houbara bustard/UAE/2004,PELPKRR/GLF
3,H7N3,HP,A/chicken/Pakistan/16/99/95,PETPKRRNR/GLF
3,H7N7,HP,A/turkey/England/199/79,PEIPKKREK/GLF
3,H7Nx,LP,A/duck/Victoria/76,PEIPKKR/GLF
